,ts_1,ts_2,ts_3,ts_4,ts_5,ts_6,ts_7,ts_8,ts_9,ts_10,ts_11,ts_12,ts_13,ts_14,ts_15
merge_mean,17.549533333333333,18.788266666666665,20.308666666666667,22.381466666666668,19.945666666666668,17.8108,16.832666666666668,20.6374,20.2,18.338733333333334,15.453066666666667,22.693333333333335,20.325266666666668,16.3222,18.530066666666666
merge_median,16.955,16.174999999999997,19.155,19.55,19.270000000000003,17.240000000000002,16.225,19.255,19.095,12.295,14.605,19.105,18.53,16.045,16.575000000000003
merge_min,12.19,12.01,13.42,13.26,13.65,12.1,11.88,13.52,13.49,8.26,9.11,13.2,13.47,11.82,11.74
merge_max,25.12,109.65,32.4,94.3,38.48,27.24,34.48,34.53,43.16,118.97,29.66,108.74,61.59,29.03,52.44
merge_std,3.1495903091601543,12.71627963133173,4.177250078966092,10.346219431055749,4.19184436999064,3.3897979330141004,3.473111125329693,4.787815428077124,4.807411361637362,18.733655357730434,4.333306658379436,13.28656778688746,6.441955261840581,2.962201179303436,7.356127105723198
query_all,"[6.06, 6.2, 6.13, 6.13, 6.21, 6.04, 6.58, 6.29, 6.01, 5.98, 5.95, 5.87, 6.0, 6.03, 5.91, 6.1, 6.26, 6.05, 5.89, 6.3, 6.15, 6.16, 5.99, 5.99, 6.1, 5.97, 5.98, 6.38, 5.96, 5.92, 6.48, 6.09, 6.16, 6.04, 5.93, 5.88, 5.92, 6.06, 5.97, 6.12, 5.92, 6.48, 5.8, 5.98, 5.99, 6.0, 5.96, 6.14, 6.0, 6.01, 0.52, 0.58, 0.56, 0.54, 0.47, 0.5, 0.57, 0.6, 0.54, 0.58, 0.6, 0.53, 0.52, 0.51, 0.54, 0.52, 0.51, 0.5, 0.59, 0.75, 0.53, 0.54, 0.47, 0.43, 0.54, 0.6, 0.52, 0.58, 0.54, 0.52, 0.53, 0.5, 0.56, 0.47, 0.54, 0.49, 0.51, 0.49, 0.6, 0.5, 0.5, 0.61, 0.48, 0.47, 0.5, 0.79, 0.59, 0.52, 0.49, 0.46, 0.1, 0.11, 0.09, 0.1, 0.19, 0.12, 0.14, 0.11, 0.1, 0.09, 0.1, 0.21, 0.11, 0.14, 0.12, 0.11, 0.15, 0.16, 0.11, 0.13, 0.09, 0.14, 0.09, 0.1, 0.11, 0.13, 0.13, 0.3, 0.09, 0.12, 0.1, 0.11, 0.15, 0.15, 0.14, 0.11, 0.12, 0.12, 0.11, 0.11, 0.14, 0.11, 0.14, 0.2, 0.17, 0.11, 0.1, 0.24, 0.21, 0.11, 0.18, 0.25, 0.15, 0.15, 0.14, 0.18, 0.18, 0.19, 0.16, 0.14, 0.17, 0.18, 0.27, 0.13, 0.18, 0.19, 0.23, 0.16, 0.15, 0.15, 0.18, 0.17, 0.22, 1.02, 0.16, 0.15, 0.18, 0.21, 0.23, 0.18, 0.19, 0.19, 0.16, 0.18, 0.16, 0.17, 0.16, 0.17, 0.17, 0.18, 0.15, 0.18, 0.18, 0.16, 0.19, 0.15, 0.2, 0.17, 0.19, 0.21]","[6.56, 6.64, 6.65, 6.7, 6.7, 6.74, 7.4, 6.62, 6.94, 6.6, 6.59, 7.06, 6.48, 6.94, 6.56, 6.84, 6.6, 6.74, 6.53, 6.61, 6.59, 6.63, 6.78, 6.72, 7.86, 6.65, 6.63, 6.77, 6.76, 7.29, 6.59, 6.61, 6.72, 6.59, 6.54, 7.27, 7.18, 6.47, 6.63, 6.53, 6.71, 6.69, 6.59, 7.03, 6.73, 6.65, 6.73, 6.55, 6.73, 6.54, 0.56, 0.69, 0.79, 0.81, 0.76, 0.69, 15.75, 12.95, 4.35, 0.68, 0.86, 0.64, 0.69, 11.65, 0.67, 1.59, 0.74, 0.68, 0.57, 2.8, 0.68, 0.73, 1.12, 0.8, 0.77, 0.91, 0.65, 4.97, 0.6, 0.8, 0.58, 0.71, 0.71, 0.76, 0.58, 0.75, 11.03, 0.64, 20.94, 0.71, 1.83, 0.8, 0.65, 0.75, 0.97, 0.65, 0.56, 0.65, 0.82, 0.6, 0.12, 0.16, 0.14, 0.18, 0.14, 0.1, 0.13, 0.14, 0.1, 0.5, 0.13, 0.11, 0.5, 0.21, 0.25, 0.16, 0.14, 0.17, 0.23, 0.14, 0.25, 0.18, 0.19, 0.25, 0.13, 0.16, 0.11, 0.18, 0.09, 0.14, 0.17, 0.14, 0.13, 0.09, 0.11, 0.14, 0.22, 0.15, 0.09, 0.24, 0.1, 0.22, 0.11, 0.09, 0.36, 0.39, 0.12, 0.16, 0.09, 0.13, 0.24, 0.21, 0.23, 0.37, 0.24, 0.3, 0.47, 0.2, 0.29, 0.55, 0.37, 0.27, 0.26, 0.26, 0.21, 0.31, 0.37, 0.3, 0.23, 0.18, 0.2, 0.34, 0.3, 0.35, 0.31, 1.17, 0.24, 0.34, 0.25, 0.33, 0.21, 0.32, 0.41, 0.19, 1.06, 0.31, 0.19, 0.3, 0.27, 0.33, 0.24, 0.21, 0.78, 0.3, 0.21, 0.21, 0.45, 0.34, 0.93, 0.8]","[6.53, 6.37, 6.56, 6.55, 6.66, 6.42, 6.37, 6.56, 6.59, 6.68, 6.36, 6.34, 6.48, 6.43, 6.51, 6.5, 6.57, 6.51, 6.43, 6.58, 6.65, 6.62, 6.55, 6.52, 6.5, 6.62, 6.56, 6.5, 6.45, 6.72, 6.63, 6.61, 6.48, 6.54, 6.58, 6.51, 6.48, 6.48, 6.41, 6.5, 6.41, 6.41, 6.61, 6.53, 6.51, 6.41, 6.41, 6.56, 6.72, 6.56, 0.91, 0.79, 0.74, 0.84, 0.76, 0.81, 0.69, 3.17, 0.74, 0.8, 0.9, 0.76, 0.75, 0.83, 0.72, 0.9, 0.71, 0.84, 0.78, 0.79, 0.65, 0.77, 0.86, 0.72, 0.83, 0.78, 0.73, 0.81, 0.84, 0.86, 0.76, 0.79, 0.78, 0.76, 0.68, 0.65, 0.77, 0.73, 1.01, 0.75, 0.82, 0.74, 2.9, 0.76, 0.75, 0.79, 1.02, 0.71, 0.7, 0.77, 0.11, 0.15, 0.15, 0.17, 0.25, 0.13, 0.16, 0.14, 0.14, 0.23, 0.15, 0.16, 0.21, 0.25, 0.14, 0.14, 0.14, 0.24, 0.23, 0.14, 0.14, 0.15, 0.14, 0.14, 0.11, 0.19, 0.14, 0.18, 0.13, 0.16, 0.15, 0.21, 0.16, 0.11, 0.19, 0.21, 0.11, 0.26, 0.27, 0.19, 0.21, 0.14, 0.11, 0.16, 0.18, 0.18, 0.11, 0.15, 0.14, 0.13, 0.24, 0.2, 0.43, 0.2, 0.23, 0.19, 0.21, 0.18, 0.22, 0.26, 0.24, 0.2, 0.21, 0.88, 0.25, 0.26, 0.3, 0.21, 0.2, 0.21, 0.2, 0.23, 0.23, 0.2, 0.22, 0.17, 0.22, 0.22, 0.22, 0.22, 0.2, 0.22, 0.21, 0.32, 0.33, 0.23, 0.29, 0.21, 0.21, 0.23, 0.3, 0.22, 0.31, 0.19, 0.25, 0.27, 0.24, 0.25, 0.19, 0.2]","[7.58, 7.47, 7.55, 7.49, 7.41, 7.49, 7.42, 7.62, 7.54, 7.48, 7.66, 7.46, 7.46, 7.38, 7.59, 7.51, 7.55, 7.61, 7.57, 7.34, 7.74, 7.6, 7.87, 7.38, 7.38, 7.47, 7.42, 7.59, 7.44, 7.66, 7.56, 7.38, 7.34, 7.6, 7.32, 7.44, 7.42, 7.61, 7.49, 7.44, 7.58, 7.54, 7.41, 7.51, 7.68, 7.61, 7.76, 7.45, 7.33, 7.53, 1.61, 1.49, 0.83, 0.79, 0.91, 0.84, 0.76, 0.76, 0.8, 0.81, 0.67, 1.12, 0.8, 0.69, 0.95, 0.64, 0.78, 0.87, 0.85, 0.7, 0.88, 1.28, 3.83, 0.78, 1.02, 3.14, 6.21, 0.83, 1.04, 0.81, 0.61, 0.96, 0.92, 0.82, 0.81, 0.74, 1.06, 0.8, 0.71, 0.89, 1.08, 0.86, 0.69, 1.0, 0.77, 0.67, 0.67, 0.81, 0.73, 0.98, 0.11, 0.14, 0.14, 0.11, 0.15, 0.18, 0.1, 0.15, 0.13, 0.18, 0.13, 0.15, 0.24, 0.15, 0.19, 0.18, 0.16, 0.15, 0.22, 0.18, 0.15, 0.18, 0.19, 0.2, 0.22, 0.26, 0.14, 0.21, 0.18, 0.11, 0.11, 0.2, 0.24, 0.11, 0.12, 0.16, 0.26, 0.16, 0.16, 0.14, 0.14, 0.2, 0.11, 0.16, 0.16, 0.2, 0.12, 0.16, 0.21, 0.13, 0.3, 0.23, 0.22, 0.25, 0.35, 0.29, 0.19, 0.22, 0.26, 0.23, 0.21, 0.25, 0.54, 0.27, 0.27, 0.38, 0.66, 0.36, 0.53, 0.25, 0.25, 0.26, 0.4, 0.23, 0.37, 0.23, 0.23, 0.25, 0.46, 0.3, 0.39, 0.25, 0.38, 0.23, 0.28, 0.23, 0.29, 0.39, 0.28, 0.35, 0.27, 0.31, 0.28, 0.31, 0.47, 0.43, 0.28, 0.21, 0.43, 0.26]","[4.39, 4.47, 4.37, 4.41, 4.57, 4.73, 4.45, 4.67, 4.57, 4.88, 4.49, 4.44, 4.74, 4.56, 4.51, 4.68, 4.49, 5.13, 4.37, 4.55, 4.72, 4.44, 4.45, 4.51, 4.48, 4.64, 4.36, 5.63, 4.55, 4.62, 4.54, 4.54, 4.5, 4.43, 4.7, 4.52, 4.37, 4.49, 4.55, 4.61, 4.49, 4.45, 4.53, 4.64, 5.1, 5.39, 4.47, 5.24, 4.87, 4.69, 0.72, 0.6, 0.65, 0.83, 0.72, 0.6, 0.46, 0.53, 0.47, 0.86, 0.5, 0.54, 2.4, 0.77, 0.49, 0.71, 0.69, 0.55, 0.54, 0.57, 1.71, 0.55, 0.69, 1.13, 0.61, 0.62, 0.65, 0.83, 0.46, 0.61, 0.54, 0.51, 0.61, 0.46, 0.55, 0.53, 0.68, 0.67, 0.58, 0.65, 0.57, 0.82, 0.85, 0.75, 0.61, 0.73, 0.49, 0.64, 0.52, 1.37, 0.15, 0.19, 0.1, 0.12, 0.13, 0.15, 1.18, 0.15, 0.1, 0.13, 0.19, 0.1, 0.1, 0.12, 0.14, 0.12, 0.18, 0.11, 0.15, 0.1, 0.12, 0.1, 0.09, 0.15, 0.13, 0.15, 0.1, 0.14, 0.15, 0.12, 0.25, 0.1, 0.13, 0.12, 0.11, 0.15, 0.13, 0.1, 0.2, 0.46, 0.11, 0.13, 0.11, 0.15, 0.12, 0.1, 0.14, 0.1, 0.14, 0.12, 0.29, 0.19, 0.18, 0.19, 0.16, 0.21, 0.22, 0.28, 0.22, 0.3, 0.24, 0.25, 0.62, 0.42, 0.24, 0.2, 0.26, 0.17, 0.2, 0.25, 0.3, 0.21, 0.22, 0.31, 0.2, 0.29, 0.22, 0.26, 0.24, 0.17, 0.22, 0.19, 0.29, 0.23, 0.21, 0.29, 0.3, 0.26, 0.21, 0.18, 0.17, 0.21, 0.44, 0.28, 0.27, 0.26, 0.29, 0.27, 0.32, 0.29]","[6.09, 6.14, 6.07, 6.13, 5.86, 6.0, 5.96, 6.06, 5.91, 6.05, 5.97, 6.23, 6.31, 6.42, 6.13, 6.19, 6.04, 5.98, 5.92, 6.06, 6.15, 6.11, 6.0, 6.13, 6.28, 5.94, 6.14, 6.05, 6.0, 5.95, 5.93, 5.93, 5.99, 6.36, 6.05, 6.04, 6.01, 6.05, 5.98, 6.06, 5.96, 5.99, 6.13, 5.9, 6.04, 6.28, 5.94, 6.16, 6.07, 6.19, 0.5, 1.67, 0.51, 0.69, 0.6, 0.42, 2.6, 0.45, 1.22, 0.53, 1.13, 0.52, 0.45, 0.52, 0.47, 0.5, 0.48, 0.51, 0.42, 0.56, 0.56, 0.58, 0.43, 0.58, 0.48, 0.51, 0.49, 0.53, 0.58, 2.34, 0.5, 0.59, 0.42, 0.48, 0.56, 0.57, 0.58, 0.5, 0.6, 1.37, 0.44, 0.45, 0.54, 0.52, 0.46, 0.48, 0.61, 0.51, 0.48, 0.47, 0.12, 0.11, 0.11, 0.36, 0.09, 0.11, 0.17, 0.14, 0.14, 0.1, 0.35, 0.13, 0.18, 0.09, 0.14, 0.09, 0.21, 0.12, 0.13, 0.13, 0.12, 0.15, 0.18, 0.12, 0.14, 0.19, 0.11, 0.12, 0.1, 0.14, 0.09, 0.11, 0.14, 0.22, 0.16, 0.11, 0.1, 0.13, 0.1, 0.25, 0.16, 0.12, 0.12, 0.13, 0.11, 0.15, 0.16, 0.15, 0.14, 0.09, 0.86, 0.17, 0.17, 0.2, 0.2, 0.16, 0.26, 0.17, 0.17, 0.19, 0.16, 0.19, 0.15, 0.21, 0.17, 0.19, 0.21, 0.2, 0.16, 0.24, 0.22, 0.21, 0.22, 0.18, 0.94, 0.2, 0.2, 0.24, 0.19, 0.16, 0.26, 0.21, 0.22, 0.18, 0.18, 0.15, 0.2, 0.19, 0.18, 0.2, 0.17, 0.18, 0.16, 0.23, 0.16, 0.15, 0.22, 0.18, 0.2, 0.26]","[6.76, 6.61, 6.55, 6.48, 6.48, 6.47, 6.8, 6.75, 6.74, 6.84, 6.62, 6.53, 6.59, 6.48, 6.44, 6.54, 6.92, 6.75, 6.58, 6.62, 6.6, 6.96, 6.54, 6.52, 6.64, 7.02, 6.77, 6.49, 6.74, 6.8, 6.8, 6.68, 6.49, 6.5, 6.59, 6.59, 6.7, 6.71, 6.69, 6.58, 7.27, 6.69, 6.48, 6.52, 6.75, 6.47, 6.56, 6.7, 6.63, 6.49, 0.72, 0.61, 0.87, 0.69, 0.86, 0.64, 0.71, 0.77, 0.67, 1.64, 0.68, 0.58, 0.7, 0.62, 0.59, 3.26, 0.74, 0.86, 0.7, 0.6, 0.8, 0.81, 0.68, 1.01, 0.84, 0.89, 0.74, 2.23, 0.77, 0.61, 0.64, 3.57, 1.04, 0.79, 0.55, 0.6, 0.59, 0.77, 0.83, 5.19, 0.67, 0.6, 0.61, 2.57, 0.86, 0.87, 0.55, 0.78, 0.64, 0.61, 0.32, 0.12, 0.19, 0.18, 0.12, 0.26, 0.1, 0.62, 0.13, 0.15, 0.12, 0.22, 0.14, 0.12, 0.15, 0.08, 0.09, 0.36, 0.14, 0.15, 0.2, 0.13, 0.1, 0.1, 0.09, 0.11, 0.1, 0.11, 0.1, 0.11, 0.1, 0.14, 0.18, 0.1, 0.11, 0.13, 0.13, 0.11, 0.13, 0.12, 0.13, 0.12, 0.13, 0.23, 0.17, 0.14, 0.17, 0.18, 0.15, 0.12, 0.35, 0.21, 0.29, 0.17, 0.24, 0.17, 0.24, 0.22, 0.21, 0.22, 0.43, 0.2, 0.41, 0.2, 0.22, 0.18, 0.29, 0.29, 0.26, 0.29, 0.22, 0.23, 0.21, 0.41, 0.17, 0.24, 0.21, 0.23, 0.21, 0.27, 0.22, 0.2, 0.23, 0.28, 0.26, 0.23, 0.27, 0.35, 0.23, 0.33, 0.18, 0.26, 0.27, 0.24, 0.34, 0.33, 0.24, 0.27, 0.28, 0.29]","[5.17, 4.78, 5.06, 5.16, 4.74, 4.81, 4.94, 4.82, 4.98, 5.04, 4.9, 5.2, 4.88, 4.82, 4.87, 4.89, 4.78, 5.0, 4.99, 4.81, 4.76, 4.85, 4.97, 4.78, 4.86, 5.15, 4.97, 4.7, 4.82, 4.82, 4.99, 4.78, 4.84, 4.81, 4.84, 4.86, 4.83, 4.73, 4.72, 4.95, 4.85, 4.97, 5.0, 4.74, 4.82, 4.77, 4.85, 4.76, 4.88, 4.75, 0.53, 0.51, 2.3, 0.49, 0.48, 0.59, 0.59, 0.66, 0.53, 0.63, 0.55, 0.42, 0.43, 0.49, 0.56, 0.55, 0.51, 0.52, 0.4, 0.41, 0.55, 1.27, 0.45, 0.48, 0.47, 0.46, 0.47, 0.46, 0.43, 0.46, 0.46, 0.46, 0.46, 0.42, 0.53, 0.43, 0.57, 0.55, 0.52, 0.49, 0.54, 0.6, 0.46, 0.5, 0.43, 0.51, 0.46, 0.51, 0.56, 0.63, 0.19, 0.15, 0.15, 0.12, 0.83, 0.09, 0.13, 0.14, 0.11, 0.13, 0.14, 0.14, 0.18, 0.15, 0.08, 0.15, 0.16, 0.13, 0.13, 0.09, 0.08, 0.13, 0.13, 0.14, 0.12, 0.14, 0.12, 0.11, 0.09, 0.11, 0.86, 0.09, 0.08, 0.11, 0.13, 0.11, 0.11, 0.15, 0.16, 0.15, 0.12, 0.13, 0.11, 0.11, 0.15, 0.24, 0.13, 0.11, 0.11, 0.16, 0.15, 0.19, 0.2, 0.26, 0.18, 0.16, 0.16, 0.17, 0.15, 0.18, 0.17, 0.16, 0.18, 0.16, 0.13, 0.2, 0.18, 0.16, 0.18, 0.19, 0.17, 0.26, 0.2, 0.18, 0.19, 0.18, 0.2, 0.19, 0.19, 0.14, 0.19, 0.21, 0.14, 0.18, 0.27, 0.21, 0.18, 0.2, 0.15, 0.19, 0.2, 0.15, 0.14, 0.17, 0.16, 0.16, 0.21, 0.21, 0.26, 0.16]","[4.45, 4.44, 4.54, 4.66, 4.54, 4.55, 4.4, 4.58, 4.54, 4.49, 4.51, 4.46, 4.59, 4.45, 4.53, 4.52, 4.59, 4.55, 4.55, 4.57, 4.48, 4.54, 4.51, 4.43, 4.52, 4.63, 4.5, 4.45, 4.53, 4.46, 4.77, 4.64, 4.51, 4.64, 4.71, 4.43, 4.52, 4.58, 4.54, 4.52, 4.47, 4.45, 4.5, 4.58, 4.54, 4.59, 4.5, 4.42, 4.49, 4.58, 0.78, 0.45, 0.5, 0.81, 0.46, 0.67, 0.5, 0.54, 0.54, 0.49, 0.5, 0.47, 0.7, 0.53, 0.57, 0.54, 0.48, 0.53, 0.76, 0.56, 0.74, 0.46, 0.54, 0.56, 0.95, 0.73, 2.49, 0.83, 0.52, 0.84, 0.49, 0.62, 0.55, 0.67, 0.48, 0.51, 0.77, 0.52, 0.73, 0.54, 0.67, 0.52, 0.5, 0.51, 0.85, 0.83, 0.5, 0.67, 0.72, 0.49, 0.11, 0.1, 0.09, 0.12, 0.1, 0.18, 0.16, 0.13, 0.09, 0.21, 0.09, 0.1, 0.1, 0.14, 0.12, 0.1, 0.12, 0.13, 0.11, 0.23, 0.14, 0.11, 0.14, 0.14, 0.13, 0.11, 0.1, 0.21, 0.34, 0.14, 0.09, 0.15, 0.13, 0.19, 0.09, 0.15, 0.19, 0.09, 0.12, 0.13, 0.14, 0.12, 0.11, 0.14, 0.1, 0.15, 0.1, 0.12, 0.15, 0.16, 0.2, 0.23, 0.21, 0.19, 0.49, 0.26, 0.28, 0.21, 0.53, 0.18, 0.28, 0.22, 0.6, 0.16, 0.18, 0.18, 0.17, 0.31, 0.36, 0.26, 0.2, 0.3, 0.42, 0.22, 0.22, 0.33, 0.33, 0.18, 0.2, 0.21, 0.31, 0.32, 0.35, 0.23, 0.19, 0.3, 0.2, 0.18, 0.37, 0.21, 0.3, 0.2, 0.36, 0.18, 0.21, 0.32, 0.18, 0.19, 0.2, 0.2]","[7.78, 8.35, 7.99, 7.9, 7.85, 7.79, 7.75, 7.74, 8.01, 7.78, 7.66, 7.94, 8.44, 8.24, 7.67, 7.62, 7.61, 7.68, 7.96, 8.18, 7.72, 7.82, 7.77, 7.81, 7.62, 7.76, 7.75, 7.52, 7.75, 7.78, 7.63, 7.78, 7.83, 7.69, 7.57, 7.52, 7.7, 7.6, 7.59, 7.78, 7.71, 7.96, 7.55, 7.73, 7.73, 7.64, 7.73, 7.64, 7.72, 7.63, 0.46, 0.47, 0.44, 0.59, 0.39, 0.49, 0.39, 0.48, 0.43, 0.95, 0.38, 0.4, 0.61, 0.37, 0.36, 0.39, 0.43, 0.43, 0.34, 4.49, 0.4, 0.38, 0.48, 1.93, 0.54, 0.42, 0.45, 0.44, 0.68, 0.45, 0.35, 0.9, 0.51, 0.42, 0.65, 0.36, 0.45, 0.41, 0.49, 0.43, 0.37, 0.34, 0.37, 0.48, 0.42, 0.4, 0.43, 4.54, 0.46, 5.78, 0.12, 0.11, 0.12, 0.14, 0.17, 0.14, 0.12, 0.17, 0.24, 0.16, 0.21, 0.17, 0.22, 0.12, 0.14, 0.15, 0.18, 0.14, 0.13, 0.14, 0.13, 0.15, 0.14, 0.17, 0.22, 0.13, 0.14, 0.17, 0.12, 0.24, 0.14, 0.13, 0.12, 0.17, 0.17, 0.19, 0.14, 0.15, 0.17, 0.16, 0.2, 0.34, 0.11, 0.17, 0.17, 0.12, 0.14, 0.13, 0.12, 0.22, 0.21, 0.25, 0.3, 0.26, 0.31, 0.23, 0.24, 0.19, 0.2, 0.22, 0.29, 0.21, 0.19, 0.28, 0.32, 0.27, 0.3, 0.25, 0.29, 0.22, 0.25, 0.23, 0.23, 0.23, 0.2, 0.26, 0.23, 0.22, 0.44, 0.77, 0.23, 0.29, 0.22, 0.26, 0.32, 0.25, 0.19, 0.5, 0.56, 0.34, 0.28, 0.55, 0.22, 0.19, 0.33, 0.19, 0.25, 0.38, 0.21, 0.71]","[6.68, 6.69, 6.88, 6.68, 6.77, 6.87, 6.87, 7.3, 7.15, 6.68, 6.72, 6.67, 6.8, 6.74, 6.7, 6.69, 6.87, 6.81, 6.73, 6.73, 6.8, 6.66, 6.74, 6.82, 7.18, 6.92, 6.86, 6.68, 6.74, 6.72, 6.82, 7.7, 6.7, 6.74, 6.92, 6.65, 7.23, 6.91, 6.89, 6.7, 6.69, 6.65, 6.67, 6.77, 6.7, 6.73, 6.73, 6.69, 6.74, 6.66, 0.43, 0.43, 0.87, 0.55, 0.43, 0.39, 0.35, 0.39, 0.64, 0.71, 0.78, 1.05, 22.64, 0.46, 0.53, 0.58, 0.52, 6.15, 0.57, 0.42, 0.46, 9.74, 18.38, 0.5, 0.41, 0.43, 0.46, 0.53, 0.72, 0.49, 0.56, 3.73, 0.71, 0.57, 0.37, 0.62, 0.74, 0.44, 0.62, 0.66, 0.6, 0.57, 0.45, 0.52, 0.5, 0.43, 0.5, 0.45, 0.49, 0.43, 0.23, 0.13, 0.2, 0.17, 0.16, 0.16, 0.09, 0.14, 0.25, 0.25, 0.11, 0.23, 0.11, 0.11, 0.16, 0.1, 0.12, 0.14, 0.52, 0.09, 0.13, 0.11, 0.08, 0.3, 0.16, 0.1, 0.12, 0.18, 0.11, 0.12, 0.09, 0.13, 0.14, 0.17, 0.16, 0.13, 0.17, 0.12, 0.22, 0.12, 0.12, 0.11, 0.13, 0.12, 0.14, 0.14, 0.14, 0.14, 0.14, 0.11, 0.28, 0.3, 0.33, 0.44, 0.18, 0.96, 0.21, 0.19, 0.28, 0.51, 0.22, 0.2, 1.18, 0.2, 0.6, 0.37, 0.28, 0.31, 0.23, 0.27, 0.17, 0.3, 0.42, 0.26, 0.29, 0.31, 0.27, 0.33, 0.26, 1.01, 0.83, 0.23, 0.21, 0.18, 0.18, 0.23, 0.37, 0.27, 1.2, 0.87, 0.17, 0.29, 0.26, 0.19, 0.31, 0.22, 0.28, 0.26, 0.21, 0.36]","[7.58, 8.17, 7.35, 7.44, 7.49, 7.52, 7.54, 7.35, 7.39, 7.35, 7.59, 7.56, 7.45, 7.6, 7.45, 7.52, 7.6, 7.55, 7.38, 7.56, 7.48, 7.65, 7.49, 7.43, 7.4, 7.39, 7.41, 7.63, 7.6, 7.55, 8.3, 7.49, 7.3, 7.6, 7.5, 7.58, 7.55, 7.47, 7.47, 7.61, 7.65, 7.5, 7.54, 7.62, 7.33, 7.4, 7.66, 7.36, 7.67, 7.35, 1.08, 0.64, 0.76, 0.81, 0.74, 0.65, 0.57, 0.69, 0.98, 0.79, 0.8, 0.8, 0.56, 0.67, 0.86, 0.61, 8.12, 1.15, 0.99, 0.74, 0.69, 1.05, 0.74, 0.7, 2.15, 0.89, 0.67, 0.63, 0.65, 1.25, 0.67, 0.69, 0.74, 0.61, 0.85, 0.8, 0.62, 0.85, 1.04, 1.82, 0.71, 0.77, 0.71, 0.92, 0.74, 0.82, 2.84, 0.9, 1.19, 0.61, 0.16, 0.17, 0.13, 0.17, 0.13, 0.14, 0.17, 0.12, 0.14, 0.19, 0.25, 0.3, 0.24, 0.27, 0.13, 0.17, 0.26, 0.17, 0.13, 0.15, 0.14, 0.13, 0.18, 0.14, 0.32, 0.18, 0.14, 0.16, 0.16, 0.21, 0.28, 0.33, 0.15, 0.17, 0.16, 0.15, 0.16, 0.24, 0.14, 0.12, 0.19, 0.13, 0.16, 0.11, 0.23, 0.36, 0.22, 0.13, 0.11, 0.14, 0.34, 0.3, 0.24, 0.3, 0.26, 0.27, 0.31, 0.36, 0.25, 0.2, 0.25, 0.2, 0.49, 0.35, 0.45, 0.4, 0.31, 0.24, 0.43, 0.43, 0.27, 0.21, 0.19, 0.27, 0.46, 0.95, 0.23, 0.24, 0.25, 0.23, 0.26, 0.24, 0.38, 0.56, 0.67, 0.22, 0.79, 0.43, 0.44, 0.42, 0.24, 0.23, 0.34, 0.71, 0.33, 0.45, 0.27, 0.34, 0.43, 0.24]","[7.58, 7.44, 7.62, 7.47, 7.73, 7.5, 7.5, 7.65, 7.59, 7.67, 7.52, 7.51, 7.52, 7.58, 7.4, 7.7, 7.49, 7.58, 8.33, 7.52, 7.46, 7.71, 7.66, 7.5, 7.57, 7.52, 7.55, 7.72, 7.71, 7.52, 7.38, 7.61, 7.38, 7.35, 7.48, 7.58, 7.47, 7.44, 7.52, 7.88, 7.33, 7.37, 7.37, 7.5, 7.48, 7.53, 7.38, 7.45, 7.28, 7.34, 0.82, 0.74, 0.78, 0.98, 0.64, 0.98, 0.76, 0.91, 0.66, 0.92, 0.65, 0.85, 0.59, 0.71, 0.71, 0.81, 0.74, 0.78, 0.86, 0.76, 0.7, 0.61, 0.79, 0.78, 0.92, 0.65, 0.76, 0.95, 0.89, 0.76, 0.79, 0.87, 0.71, 0.76, 0.77, 0.9, 0.63, 0.71, 0.94, 0.71, 0.72, 0.75, 0.81, 1.08, 0.61, 0.69, 0.88, 0.68, 0.68, 0.77, 0.2, 0.19, 0.12, 0.14, 0.16, 0.19, 0.2, 0.24, 0.14, 0.2, 0.15, 0.15, 0.19, 0.18, 0.18, 0.13, 0.19, 0.28, 0.2, 0.15, 0.32, 0.17, 0.14, 0.19, 0.16, 0.18, 0.22, 0.16, 0.17, 0.14, 0.18, 0.12, 0.12, 0.17, 0.13, 0.15, 0.2, 0.2, 0.2, 0.19, 0.13, 0.21, 0.21, 0.2, 0.12, 0.22, 0.2, 0.16, 0.19, 0.21, 0.27, 0.4, 0.21, 0.28, 0.27, 0.2, 0.39, 0.36, 0.28, 0.26, 0.28, 0.2, 0.3, 0.26, 0.21, 0.32, 0.31, 0.29, 0.35, 0.2, 0.35, 0.47, 0.37, 0.22, 0.27, 0.29, 0.24, 0.26, 0.25, 0.42, 0.2, 0.23, 0.25, 0.37, 0.21, 0.36, 0.32, 0.32, 0.23, 0.25, 0.21, 0.22, 0.32, 0.26, 0.38, 0.29, 0.36, 0.38, 0.31, 0.23]","[6.68, 6.64, 6.82, 6.76, 6.66, 6.7, 6.72, 6.67, 6.65, 6.7, 6.7, 6.81, 6.72, 6.76, 6.83, 6.72, 6.69, 6.74, 6.72, 6.63, 6.69, 6.62, 6.73, 6.74, 6.75, 6.75, 6.9, 6.68, 6.72, 6.71, 6.66, 6.86, 6.66, 6.66, 6.81, 6.79, 6.59, 6.68, 6.89, 6.62, 6.68, 6.7, 6.8, 6.64, 6.77, 6.56, 6.69, 6.72, 6.83, 6.83, 0.85, 0.89, 0.8, 0.76, 0.85, 0.74, 0.69, 0.64, 1.0, 0.72, 0.88, 0.66, 0.81, 0.78, 0.75, 0.61, 0.94, 0.77, 0.83, 1.06, 1.06, 0.69, 0.73, 1.11, 0.93, 0.82, 0.96, 1.08, 0.85, 0.84, 0.71, 0.74, 1.07, 0.76, 0.74, 1.0, 0.87, 0.68, 0.74, 0.72, 0.77, 0.82, 1.09, 0.88, 0.72, 0.82, 0.88, 0.88, 0.71, 1.25, 0.12, 0.23, 0.21, 0.27, 0.2, 0.17, 0.18, 0.12, 0.15, 0.19, 0.18, 0.13, 0.16, 0.12, 0.24, 0.22, 0.24, 0.14, 0.19, 0.18, 0.17, 0.23, 0.12, 0.11, 0.16, 0.19, 0.16, 0.18, 0.14, 0.2, 0.13, 0.27, 0.18, 0.16, 0.12, 0.16, 0.32, 0.15, 0.18, 0.24, 0.17, 0.26, 0.41, 0.17, 0.14, 0.24, 0.17, 0.18, 0.17, 0.18, 0.22, 0.28, 0.28, 0.25, 0.2, 0.19, 0.25, 0.22, 0.24, 0.29, 0.19, 0.28, 0.24, 0.3, 0.31, 0.38, 0.51, 0.49, 0.25, 0.3, 0.33, 0.36, 0.23, 0.25, 0.3, 0.25, 0.2, 0.28, 0.24, 0.3, 0.25, 0.33, 0.3, 0.27, 0.2, 0.2, 0.27, 0.33, 0.3, 0.31, 0.22, 0.36, 0.34, 0.34, 0.36, 0.31, 0.2, 0.27, 0.26, 0.29]","[6.65, 6.61, 7.86, 6.52, 6.59, 6.56, 6.77, 6.68, 6.53, 6.61, 6.76, 6.66, 6.64, 6.71, 6.61, 6.66, 6.56, 6.59, 6.77, 6.58, 6.52, 6.55, 6.58, 6.62, 6.8, 6.52, 6.53, 6.56, 6.64, 6.7, 6.72, 6.52, 6.53, 6.61, 6.58, 6.61, 6.51, 6.62, 6.55, 6.65, 6.91, 6.63, 6.61, 6.65, 6.55, 6.67, 6.72, 6.77, 6.69, 6.62, 0.56, 0.9, 0.74, 0.78, 0.74, 0.64, 0.66, 0.79, 0.89, 0.53, 0.79, 0.69, 0.91, 0.69, 0.68, 0.56, 0.58, 0.64, 0.62, 0.53, 1.29, 0.59, 0.64, 0.57, 1.14, 0.87, 0.53, 0.61, 0.65, 0.77, 0.92, 0.72, 0.55, 0.61, 0.56, 0.67, 0.68, 0.7, 0.74, 0.77, 0.74, 0.65, 0.54, 0.64, 0.64, 15.38, 0.61, 0.52, 0.53, 0.68, 0.14, 0.18, 0.1, 0.42, 0.1, 0.14, 0.14, 0.22, 0.18, 0.14, 0.12, 0.13, 0.16, 0.15, 0.16, 0.11, 0.21, 0.13, 0.2, 0.1, 0.14, 0.15, 0.14, 0.27, 0.18, 0.58, 0.13, 0.13, 0.13, 0.1, 0.17, 0.13, 0.1, 0.1, 0.13, 0.15, 0.1, 0.12, 0.14, 0.13, 0.13, 0.13, 0.13, 0.15, 0.18, 0.2, 0.23, 0.23, 0.12, 0.11, 0.28, 0.25, 0.22, 0.18, 0.21, 0.28, 0.21, 0.19, 0.2, 0.23, 0.22, 0.49, 0.22, 0.45, 0.29, 0.2, 0.44, 0.25, 0.22, 0.17, 0.26, 0.31, 0.28, 0.21, 0.29, 0.24, 0.2, 0.24, 0.37, 0.41, 0.21, 0.35, 0.21, 0.22, 0.28, 0.22, 0.19, 0.25, 0.19, 0.25, 0.21, 0.2, 0.25, 0.24, 0.23, 0.18, 0.22, 0.26, 0.23, 0.32]"
query_mean,1.7335,2.40165,1.9518,2.26795,1.434,1.77245,2.01615,1.44415,1.3927,2.24755,2.25655,2.27225,2.1964,2.0071,2.01435
query_median,0.445,0.59,0.65,0.625,0.46,0.42,0.55,0.415,0.46499999999999997,0.37,0.43,0.61,0.53,0.56,0.525
query_min,0.09,0.09,0.11,0.1,0.09,0.09,0.08,0.08,0.09,0.11,0.08,0.11,0.12,0.11,0.1
query_max,6.58,20.94,6.72,7.87,5.63,6.42,7.27,5.2,4.77,8.44,22.64,8.3,8.33,6.9,15.38
query_std,2.511032208076989,3.4099147756945483,2.662550048355899,3.0843717832809974,1.8647353699654008,2.4986895560473292,2.732099865945606,1.9977360379940088,1.8284946568147253,3.249896997983167,3.4087215488361617,3.1016428610496085,3.0944933414050193,2.7344411842275926,2.889663748172095
